Inf,Name,Position,Act Pos,Nat,Age,Club,Wage,Transfer Value,Personality,Left Foot,Right Foot,Com,Ecc,Pun,1v1,Acc,Aer,Agg,Agi,Ant,Bal,Bra,Cmd,Cnt,Cmp,Cro,Dec,Det,Dri,Fin,Fir,Fla,Han,Hea,Jum,Kic,Ldr,Lon,Mar,OtB,Pac,Pas,Pos,Ref,Sta,Str,Tck,Tea,Tec,Thr,TRO,Vis,Wor,Cor,Fre,L Th,Pen,Nat,Height,Av Rat,Division,Injury Risk,Expires
Agn,Dean Henderson,GK,GK,ENG,27,Crystal Palace,"£100,000 p/w",£18.5M - £23M,Fairly Ambitious,Weak,Very Strong,15,13,14,14,12,13,15,15,14,12,14,14,13,11,2,13,14,3,3,10,13,13,5,14,11,12,1,1,13,11,11,14,15,12,11,1,13,10,12,13,8,11,1,5,1,2,15,"6'2""",6.9,English Premier Division,Low,30/6/2027
Wnt,Ebere Eze,"M (C), AM (LC)",AM,ENG,26,Crystal Palace,"£100,000 p/w",£27M - £36M,Spirited,Fairly Strong,Very Strong,3,1,1,2,13,4,8,16,13,16,8,1,13,16,13,13,15,17,13,15,17,4,6,9,1,9,13,6,14,13,15,9,1,12,13,7,15,17,3,3,15,13,14,13,5,13,13,"5'10""",6.85,English Premier Division,High,30/6/2026
,Eddie Nketiah,"AM (RL), ST (C)",ST,ENG,25,Crystal Palace,"£75,000 p/w",£32M - £36M,Balanced,Fairly Strong,Very Strong,2,1,3,1,17,3,13,18,14,15,11,1,11,14,7,12,14,15,14,14,15,1,13,9,1,4,9,3,16,16,12,5,3,14,12,5,15,15,1,1,11,14,6,5,1,10,14,"5'9""",6.85,English Premier Division,High,30/6/2028
Inj,Daichi Kamada,M/AM (C),AM,JPN,28,Crystal Palace,"£70,000 p/w",£24M - £29M,Fairly Professional,Fairly Strong,Very Strong,3,2,1,2,12,2,11,14,12,14,10,1,10,11,12,13,12,14,13,15,14,3,7,10,2,7,13,10,16,13,14,11,2,14,10,12,14,16,3,2,15,12,12,14,4,14,14,"6'0""",7.03,English Premier Division,High,30/6/2025
Agn,Jefferson Lerma,"DM, M (C)",CM,COL,30,Crystal Palace,"£70,000 p/w",£15M - £16.5M,Perfectionist,Weak,Very Strong,1,1,3,2,13,2,15,14,15,15,16,3,14,12,10,13,15,11,8,12,9,2,14,14,1,9,13,13,12,12,13,13,3,15,14,16,13,12,1,3,11,16,9,9,8,9,17,"5'10""",6.76,English Premier Division,High,30/6/2025
Inj,Cheick Doucouré,"DM, M (C)",CM,MLI,24,Crystal Palace,"£70,000 p/w",£35M - £39M,Spirited,Reasonable,Very Strong,2,2,2,3,13,1,14,13,15,14,14,1,13,14,9,13,15,12,9,15,10,2,12,12,2,10,11,14,12,13,15,14,1,14,13,15,14,14,1,2,15,14,8,8,10,10,14,"5'11""",7.01,English Premier Division,Increased,30/6/2028
Int,Ismaïla Sarr,"AM (RL), ST (C)",AM,SEN,26,Crystal Palace,"£63,000 p/w",£7.2M - £9M,Balanced,Weak,Very Strong,1,1,1,2,14,3,11,13,12,14,11,1,11,11,11,10,12,13,13,12,14,3,8,12,2,6,13,6,14,18,12,7,2,14,12,7,10,12,1,1,11,12,10,10,6,14,15,"6'1""",7.1,English Premier Division,Low,30/6/2028
Ask,Rob Holding,D (C),DC,ENG,29,Crystal Palace,"£60,000 p/w",£6.2M - £6.8M,Balanced,Weak,Very Strong,1,2,2,4,13,2,13,13,14,13,15,3,14,12,6,12,14,10,5,13,8,3,14,15,1,13,5,15,5,12,12,14,1,15,13,15,15,12,2,4,12,15,2,6,11,5,14,"6'2""",-,English Premier Division,Increased,30/6/2025
Inj,Jeffrey Schlupp,"M (LC), AM (L)",CM,GHA,32,Crystal Palace,"£60,000 p/w",£1M,Balanced,Very Strong,Weak,3,4,2,4,14,1,10,13,12,13,14,3,11,12,11,11,13,13,12,12,12,1,10,11,2,8,9,11,13,13,11,12,2,15,11,11,14,13,1,1,10,14,9,9,10,10,13,"5'10""",6.5,English Premier Division,Very High,30/6/2024
Agn,Maxence Lacroix,D (C),DC,FRA,24,Crystal Palace,"£58,000 p/w",£22M - £25M,Fairly Determined,Reasonable,Very Strong,2,2,3,1,14,1,16,12,14,14,16,2,12,12,6,13,16,12,6,12,12,4,14,15,2,10,6,15,8,17,13,14,3,12,15,14,12,12,1,1,12,13,3,3,7,6,15,"6'3""",6.89,English Premier Division,High,30/6/2028
Inj,Chris Richards,"D (RLC), WB (R)",DC,USA,24,Crystal Palace,"£50,000 p/w",£18.5M - £21M,Resolute,Fairly Strong,Very Strong,3,1,3,3,14,2,14,13,13,13,15,1,13,10,10,12,15,11,6,12,11,3,15,16,3,6,6,13,11,15,12,13,3,14,13,14,14,12,1,1,11,14,4,4,6,6,13,"6'2""",6.79,English Premier Division,High,30/6/2026
Int,Jean-Philippe Mateta,ST (C),ST,COD,27,Crystal Palace,"£50,000 p/w",£2.7M - £4.5M,Balanced,Reasonable,Very Strong,3,1,1,2,14,2,12,13,12,13,13,2,10,12,8,12,12,13,14,13,14,2,14,16,3,8,11,8,13,13,10,11,2,11,15,8,13,13,1,1,10,14,7,8,4,12,11,"6'4""",6.6,English Premier Division,Increased,30/6/2025
Unh,Will Hughes,"DM, M (RC)",CM,ENG,29,Crystal Palace,"£50,000 p/w",£2.1M - £2.9M,Resolute,Very Strong,Reasonable,1,3,3,2,10,2,16,11,14,12,15,1,13,14,11,14,15,11,9,12,11,1,10,13,1,13,10,14,12,11,13,13,1,14,13,14,15,13,2,2,13,17,11,12,6,11,12,"6'1""",6.72,English Premier Division,Increased,30/6/2024
Wnt,Marc Guéhi,D (C),CB,ENG,24,Crystal Palace,"£45,000 p/w",£40M - £45M,Resolute,Fairly Strong,Very Strong,2,3,3,1,15,1,11,15,14,14,13,2,14,14,7,13,15,13,9,14,11,4,13,14,2,15,8,14,9,14,13,15,1,14,14,15,13,15,2,3,11,14,5,7,9,8,16,"6'0""",6.94,English Premier Division,Increased,30/6/2025
Wnt,Chadi Riad,D (C),DC,MAR,21,Crystal Palace,"£45,000 p/w",£38M - £51M,Balanced,Very Strong,Reasonable,1,3,3,3,12,2,14,12,13,12,14,1,12,12,7,13,14,10,6,12,7,3,14,15,4,12,6,14,8,14,13,13,3,12,13,13,15,13,3,1,12,14,5,5,9,7,14,"6'2""",-,English Premier Division,Increased,30/6/2028
,Adam Wharton,"DM, M (C)",CM,ENG,20,Crystal Palace,"£45,000 p/w",£52M - £75M,Fairly Professional,Very Strong,Strong,1,2,1,4,13,2,12,14,12,16,12,2,11,13,12,11,13,14,8,16,15,3,9,11,1,7,10,6,11,13,16,12,3,13,10,10,13,16,1,3,16,14,13,13,2,10,13,"6'0""",7,English Premier Division,High,30/6/2028
,Matt Turner,GK,GK,USA,30,Crystal Palace,"£40,000 p/w",£12.5M - £19.5M,Fairly Determined,Reasonable,Very Strong,13,10,6,14,11,14,6,15,12,6,14,15,14,12,3,13,15,7,2,7,6,15,2,12,11,8,2,2,2,10,8,15,16,12,14,2,11,7,10,7,9,10,4,5,1,1,6,"6'3""",-,English Premier Division,Increased,31/5/2024
,Trevoh Chalobah,"D (RC), DM",CD,ENG,25,Crystal Palace,"£40,000 p/w",£31M - £40M,Fairly Sporting,Fairly Strong,Very Strong,2,2,3,4,14,1,12,11,14,14,13,1,17,15,11,15,13,10,8,13,12,1,13,15,2,8,9,14,8,15,12,14,2,14,14,15,15,13,3,2,12,15,6,10,6,6,15,"6'4""",6.92,English Premier Division,High,31/5/2024
Wnt,Tyrick Mitchell,D/WB (L),LB,ENG,25,Crystal Palace,"£40,000 p/w",£9.6M - £11M,Spirited,Very Strong,Reasonable,3,2,3,1,15,1,15,15,13,15,13,3,13,13,10,12,13,12,8,12,11,3,11,9,1,8,9,12,13,16,13,14,1,14,13,17,15,12,1,3,13,15,7,7,12,7,16,"5'9""",6.89,English Premier Division,High,30/6/2024
Agn,Joel Ward,D (RLC),DC,ENG,35,Crystal Palace,"£40,000 p/w",£50K - £210K,Driven,Reasonable,Very Strong,2,1,3,3,8,3,15,10,14,12,16,1,16,11,10,13,18,8,5,10,3,3,14,15,3,15,8,14,10,9,11,14,3,13,13,15,16,11,1,2,9,15,6,7,10,5,15,"6'2""",6.88,English Premier Division,Low,30/6/2024
Inj,Daniel Muñoz,"D (RC), WB (R)",RB,COL,28,Crystal Palace,"£40,000 p/w",£2.6M - £4.2M,Fairly Determined,Weak,Very Strong,3,2,3,2,13,2,10,10,15,13,13,3,13,12,13,12,15,11,9,9,9,2,13,13,2,15,15,13,11,13,10,13,2,13,13,14,14,10,4,1,11,15,10,8,15,8,13,"5'11""",6.88,English Premier Division,Very High,30/6/2026
Inj,Nathaniel Clyne,"D (RL), WB (R)",RB,ENG,33,Crystal Palace,"£30,000 p/w",£110K - £300K,Balanced,Fairly Strong,Very Strong,2,3,1,1,13,2,14,12,14,12,14,3,15,13,10,12,12,10,5,11,8,1,10,9,3,11,4,14,12,11,11,14,2,13,12,14,15,13,2,3,11,16,5,6,11,5,11,"5'9""",6.57,English Premier Division,Very High,30/6/2024
Inj,Matheus França,"M (C), AM (LC)",MC,BRA,20,Crystal Palace,"£25,000 p/w",£14M - £17M,Fairly Determined,Reasonable,Very Strong,1,3,3,2,14,2,11,15,12,13,12,4,11,13,10,12,15,14,10,14,15,1,10,11,3,8,12,10,12,14,14,12,1,12,11,11,12,14,1,4,13,12,13,9,3,11,15,"6'0""",7.26,English Premier Division,Normal,30/6/2027
Spt,Remi Matthews,GK,GK,ENG,30,Crystal Palace,"£5,000 p/w",£35K - £55K,Balanced,Reasonable,Very Strong,11,10,13,12,8,14,7,12,10,11,12,11,9,12,1,11,9,1,1,8,1,11,6,15,13,9,3,2,5,9,5,12,11,14,13,2,12,10,11,12,9,9,3,7,3,2,10,"6'3""",-,English Premier Division,High,30/6/2024